{
	"providers": {
		"awscloudformation": {
			"AuthRoleName": "compass-dev-20190803173618-authRole",
			"UnauthRoleArn": "arn:aws:iam::265086642687:role/compass-dev-20190803173618-unauthRole",
			"AuthRoleArn": "arn:aws:iam::265086642687:role/compass-dev-20190803173618-authRole",
			"Region": "us-east-1",
			"DeploymentBucketName": "compass-dev-20190803173618-deployment",
			"UnauthRoleName": "compass-dev-20190803173618-unauthRole",
			"StackName": "compass-dev-20190803173618",
			"StackId": "arn:aws:cloudformation:us-east-1:265086642687:stack/compass-dev-20190803173618/ba9ad7f0-b636-11e9-843e-1297d6a5b478"
		}
	},
	"api": {
		"location": {
			"service": "AppSync",
			"providerPlugin": "awscloudformation",
			"output": {
				"securityType": "API_KEY",
				"GraphQLAPIIdOutput": "slcpemqhefdvtl35wu7lj45rtq",
				"GraphQLAPIEndpointOutput": "https://4bk2yal62fc3bowu3jzh3wac7m.appsync-api.us-east-1.amazonaws.com/graphql",
				"GraphQLAPIKeyOutput": "da2-4tciikh54bgutkphv3btpa73hq"
			},
			"providerMetadata": {
				"s3TemplateURL": "https://s3.amazonaws.com/compass-dev-20190803173618-deployment/amplify-cfn-templates/api/cloudformation-template.json",
				"logicalId": "apilocation"
			},
			"lastPushTimeStamp": "2019-08-03T22:42:56.110Z",
			"lastPushDirHash": "8A7Ezfaig1EPDffERK6KqHAyx34="
		}
	}
}